City ID,City,Cloudiness,Country,Date,Humidity,Lat,Lng,Max Temp,Wind Speed
0,Ushuaia,20,AR,2022-03-28 03:28:54,81,-54.8,-68.3,42.46,2.3
1,Haldwani,3,IN,2022-03-28 03:31:14,12,29.2167,79.5167,88.21,4.92
2,Mataura,0,NZ,2022-03-28 03:31:14,51,-46.1927,168.8643,72.25,6.02
3,Ust-Maya,75,RU,2022-03-28 03:31:15,75,60.4167,134.5333,25.97,5.41
4,Salalah,2,OM,2022-03-28 03:31:15,21,17.0151,54.0924,84.29,24.16
5,Bluff,5,NZ,2022-03-28 03:31:16,77,-46.6,168.3333,61.38,5.41
6,Portland,100,US,2022-03-28 03:28:56,74,45.5234,-122.6762,63.86,5.75
7,Sao Domingos Do Maranhao,100,BR,2022-03-28 03:31:16,98,-5.5758,-44.3853,71.89,2.35
8,Puerto Ayora,74,EC,2022-03-28 03:31:17,84,-0.7393,-90.3518,78.46,8.01
9,Qaanaaq,99,GL,2022-03-28 03:31:17,95,77.484,-69.3632,8.35,5.82
10,Hermanus,51,ZA,2022-03-28 03:31:18,63,-34.4187,19.2345,64.54,5.79
11,Leningradskiy,29,RU,2022-03-28 03:27:23,89,69.3833,178.4167,0.82,2.37
12,Avarua,75,CK,2022-03-28 03:31:18,94,-21.2078,-159.775,78.85,1.14
13,Kununurra,91,AU,2022-03-28 03:31:19,46,-15.7667,128.7333,94.98,5.75
14,Albany,100,US,2022-03-28 03:31:19,61,42.6001,-73.9662,24.39,4.0
15,Atuona,98,PF,2022-03-28 03:31:19,76,-9.8,-139.0333,79.48,16.44
16,Paamiut,74,GL,2022-03-28 03:29:56,77,61.994,-49.6678,25.05,8.7
17,Chokurdakh,22,RU,2022-03-28 03:31:20,90,70.6333,147.9167,2.46,5.32
18,Oktyabrskoye,100,RU,2022-03-28 03:31:20,86,43.0645,44.7417,28.54,6.71
19,Porto Novo,26,BJ,2022-03-28 03:31:21,84,6.4965,2.6036,84.02,6.17
20,Barrow,0,US,2022-03-28 03:31:21,71,71.2906,-156.7887,1.42,18.41
21,Maple Creek,100,CA,2022-03-28 03:31:22,49,49.9168,-109.4848,48.61,2.3
22,Khatanga,100,RU,2022-03-28 03:31:22,94,71.9667,102.5,-0.67,11.39
23,Ribeira Grande,99,PT,2022-03-28 03:31:22,84,38.5167,-28.7,59.67,10.8
24,Punta Arenas,26,CL,2022-03-28 03:29:55,75,-53.15,-70.9167,42.12,13.58
25,Nikolskoye,100,RU,2022-03-28 03:31:17,94,59.7035,30.7861,23.72,13.29
26,Tasiilaq,100,GL,2022-03-28 03:31:23,76,65.6145,-37.6368,26.76,10.92
27,Bredasdorp,100,ZA,2022-03-28 03:31:24,70,-34.5322,20.0403,63.01,3.98
28,Jamestown,100,US,2022-03-28 03:28:25,55,42.097,-79.2353,20.01,12.66
29,Ponta Do Sol,100,PT,2022-03-28 03:31:25,71,32.6667,-17.1,64.06,3.06
30,Butaritari,43,KI,2022-03-28 03:31:25,68,3.0707,172.7902,81.63,8.86
31,Arraial Do Cabo,66,BR,2022-03-28 03:31:25,91,-22.9661,-42.0278,75.88,7.74
32,Hobart,75,AU,2022-03-28 03:30:03,66,-42.8794,147.3294,72.27,5.75
33,Omboue,100,GA,2022-03-28 03:31:26,95,-1.5746,9.2618,75.85,8.99
34,Lavrentiya,28,RU,2022-03-28 03:31:26,85,65.5833,-171.0,11.32,4.45
35,Yellowknife,20,CA,2022-03-28 03:31:27,78,62.456,-114.3525,5.29,2.3
36,Alice Springs,3,AU,2022-03-28 03:31:27,12,-23.7,133.8833,87.35,9.22
37,Lasa,2,IT,2022-03-28 03:31:28,61,46.6166,10.7002,41.02,1.86
38,Rikitea,74,PF,2022-03-28 03:31:28,65,-23.1203,-134.9692,79.34,7.63
39,Ancud,83,CL,2022-03-28 03:31:28,82,-41.8697,-73.8203,54.23,17.76
40,Bonavista,100,CA,2022-03-28 03:31:29,91,48.6499,-53.1147,32.81,25.26
41,Castro,1,BR,2022-03-28 03:29:52,92,-24.7911,-50.0119,60.21,3.11
42,Semibratovo,100,RU,2022-03-28 03:31:29,92,57.3046,39.5369,17.46,8.97
43,Carnduff,87,CA,2022-03-28 03:31:30,55,49.1667,-101.8009,26.38,12.24
44,Kapaa,0,US,2022-03-28 03:31:31,71,22.0752,-159.319,80.58,10.36
45,Cape Town,20,ZA,2022-03-28 03:30:53,73,-33.9258,18.4232,65.12,10.36
46,College,20,US,2022-03-28 03:32:31,47,64.8569,-147.8028,39.52,10.36
47,Northam,41,GB,2022-03-28 03:32:32,94,51.0333,-4.2167,47.39,7.65
48,Kirovskiy,25,RU,2022-03-28 03:32:32,50,45.0917,133.5136,41.72,10.45
49,Severo-Kurilsk,96,RU,2022-03-28 03:32:32,90,50.6789,156.125,31.8,25.7
50,Longyearbyen,20,SJ,2022-03-28 03:32:33,78,78.2186,15.6401,4.84,14.97
51,Mahebourg,40,MU,2022-03-28 03:32:33,78,-20.4081,57.7,79.09,4.61
52,Srednekolymsk,16,RU,2022-03-28 03:32:34,67,67.45,153.6833,16.23,4.09
53,Itarema,98,BR,2022-03-28 03:32:34,90,-2.9248,-39.9167,76.78,7.11
54,Nouadhibou,75,MR,2022-03-28 03:32:35,94,20.931,-17.0347,64.38,4.61
55,Hithadhoo,1,MV,2022-03-28 03:32:35,64,-0.6,73.0833,81.55,5.28
56,Ngunguru,6,NZ,2022-03-28 03:32:35,67,-35.6167,174.5,66.31,10.09
57,Tuktoyaktuk,20,CA,2022-03-28 03:32:36,70,69.4541,-133.0374,-9.4,12.66
58,Torbay,100,CA,2022-03-28 03:32:36,87,47.6666,-52.7314,36.75,19.57
59,Conil,5,FR,2022-03-28 03:32:37,66,44.9673,3.7177,36.7,4.25
60,Marystown,100,CA,2022-03-28 03:32:37,100,47.1666,-55.1483,37.85,6.26
61,Georgetown,20,MY,2022-03-28 03:27:50,76,5.4112,100.3354,89.53,8.05
62,Hilo,20,US,2022-03-28 03:32:38,66,19.7297,-155.09,78.53,5.75
63,Valley City,0,US,2022-03-28 03:30:04,73,46.9233,-98.0032,19.92,8.05
64,Suluq,97,LY,2022-03-28 03:32:38,30,31.6682,20.2521,60.48,19.95
65,Shingu,99,JP,2022-03-28 03:32:39,49,33.7333,135.9833,63.16,4.45
66,Mayo,40,US,2022-03-28 03:32:39,48,38.8876,-76.5119,34.95,14.0
67,Saskylakh,100,RU,2022-03-28 03:32:39,91,71.9167,114.0833,0.75,8.12
68,Los Llanos De Aridane,20,ES,2022-03-28 03:32:37,94,28.6585,-17.9182,60.55,16.11
69,Kuala Terengganu,1,MY,2022-03-28 03:32:40,74,5.3302,103.1408,87.75,4.61
70,Siavonga,91,ZM,2022-03-28 03:32:40,90,-16.5382,28.7088,72.32,5.95
71,Lagos,32,NG,2022-03-28 03:31:04,88,6.5833,3.75,82.72,2.57
72,Airai,96,TL,2022-03-28 03:32:41,63,-8.9266,125.4092,72.9,1.63
73,Asau,10,RO,2022-03-28 03:32:41,57,46.4333,26.4,23.92,3.83
74,Busselton,27,AU,2022-03-28 03:32:42,53,-33.65,115.3333,72.28,15.73
75,Ostrovnoy,100,RU,2022-03-28 03:32:42,70,68.0531,39.5131,19.8,9.24
76,Vila Franca Do Campo,87,PT,2022-03-28 03:32:42,87,37.7167,-25.4333,59.41,8.61
77,Marinilla,75,CO,2022-03-28 03:32:43,94,6.1736,-75.3362,60.93,2.3
78,Mount Gambier,100,AU,2022-03-28 03:31:43,56,-37.8333,140.7667,69.71,12.66
79,Panaba,0,MX,2022-03-28 03:32:43,71,21.2833,-88.2667,67.01,8.41
80,Weyburn,100,CA,2022-03-28 03:32:44,59,49.6668,-103.8511,30.42,21.85
81,Namatanai,72,PG,2022-03-28 03:32:44,75,-3.6667,152.4333,83.53,7.2
82,Upernavik,99,GL,2022-03-28 03:32:45,78,72.7868,-56.1549,15.26,7.4
83,Turukhansk,100,RU,2022-03-28 03:32:45,90,65.8167,87.9833,7.47,4.76
84,Ust-Nera,70,RU,2022-03-28 03:32:46,81,64.5667,143.2,6.8,1.86
85,Merauke,100,ID,2022-03-28 03:32:46,80,-8.4667,140.3333,81.79,14.27
86,Husavik,99,IS,2022-03-28 03:32:46,72,66.0449,-17.3389,23.76,7.47
87,Touros,85,BR,2022-03-28 03:32:47,86,-5.1989,-35.4608,78.89,8.75
88,Tezu,14,IN,2022-03-28 03:32:47,27,27.9167,96.1667,87.85,4.07
89,Kapoeta,91,SS,2022-03-28 03:32:48,59,4.7717,33.5903,79.34,4.45
90,Fairbanks,0,US,2022-03-28 03:30:32,41,64.8378,-147.7164,39.54,10.36
91,Mar Del Plata,0,AR,2022-03-28 03:30:06,79,-38.0023,-57.5575,59.88,3.44
92,Talaya,100,RU,2022-03-28 03:32:48,81,61.3833,152.75,8.87,11.83
93,Nanortalik,56,GL,2022-03-28 03:33:49,78,60.1432,-45.2371,28.35,4.7
94,Yurimaguas,100,PE,2022-03-28 03:33:50,99,-5.9,-76.0833,71.96,1.3
95,Klaksvik,100,FO,2022-03-28 03:33:50,74,62.2266,-6.589,38.32,15.7
96,Labrea,98,BR,2022-03-28 03:33:51,99,-7.2586,-64.7981,72.25,2.42
97,Port Alfred,25,ZA,2022-03-28 03:33:51,94,-33.5906,26.891,62.19,9.13
98,Saint-Philippe,47,RE,2022-03-28 03:33:51,81,-21.3585,55.7679,78.39,8.43
99,Urusha,99,RU,2022-03-28 03:33:52,48,54.05,122.9,31.14,13.78
100,Muzhi,100,RU,2022-03-28 03:33:52,95,65.3667,64.6667,22.3,14.41
101,Coihaique,100,CL,2022-03-28 03:33:53,100,-45.5752,-72.0662,42.33,3.62
102,Praia Da Vitoria,75,PT,2022-03-28 03:33:53,94,38.7333,-27.0667,59.25,8.01
103,Labuhan,91,ID,2022-03-28 03:33:53,67,-6.8844,112.2051,85.86,3.8
104,Greensburg,100,US,2022-03-28 03:32:35,71,40.3015,-79.5389,26.15,6.91
105,Lebu,3,CL,2022-03-28 03:33:54,85,-37.6167,-73.65,51.67,7.58
106,Hasaki,98,JP,2022-03-28 03:33:55,52,35.7333,140.8333,64.29,16.28
107,Dikson,52,RU,2022-03-28 03:33:55,98,73.5069,80.5464,-12.44,2.82
108,Hambantota,20,LK,2022-03-28 03:33:55,84,6.1241,81.1185,86.34,2.3
109,Olinda,75,BR,2022-03-28 03:31:34,83,-8.0089,-34.8553,80.33,3.44
110,Yar-Sale,100,RU,2022-03-28 03:33:56,92,66.8333,70.8333,16.45,17.76
111,Katobu,98,ID,2022-03-28 03:33:56,58,-4.9408,122.5276,87.17,5.57
112,Bambous Virieux,40,MU,2022-03-28 03:33:57,78,-20.3428,57.7575,79.05,4.61
113,Akureyri,75,IS,2022-03-28 03:33:57,68,65.6835,-18.0878,22.93,10.36
114,New Norfolk,85,AU,2022-03-28 03:33:58,58,-42.7826,147.0587,71.92,1.01
115,Egvekinot,9,RU,2022-03-28 03:33:58,92,66.3167,-179.1667,2.08,1.36
116,Thompson,20,CA,2022-03-28 03:33:58,36,55.7435,-97.8558,5.16,3.44
117,Kavaratti,84,IN,2022-03-28 03:33:59,76,10.5669,72.642,83.12,8.28
118,Vestmanna,75,FO,2022-03-28 03:33:59,87,62.1564,-7.1664,36.52,10.36
119,Concordia,49,AR,2022-03-28 03:34:00,99,-31.393,-58.0209,60.78,4.09
120,Crotone,100,IT,2022-03-28 03:31:59,81,39.0851,17.1178,53.19,9.33
121,Mazara Del Vallo,19,IT,2022-03-28 03:30:31,80,37.6641,12.588,55.54,7.14
122,Axim,100,GH,2022-03-28 03:34:00,88,4.8699,-2.2405,79.81,6.49
123,Senneterre,100,CA,2022-03-28 03:32:22,93,48.3835,-77.2328,1.11,9.01
124,Faridabad,1,IN,2022-03-28 03:29:31,9,28.4333,77.3167,82.65,3.78
125,Pringsewu,69,ID,2022-03-28 03:34:01,60,-5.3582,104.9744,87.91,4.56
126,Tautira,74,PF,2022-03-28 03:34:02,75,-17.7333,-149.15,81.81,13.4
127,Caapucu,0,PY,2022-03-28 03:34:02,84,-26.2167,-57.2,63.34,5.32
128,Port Moresby,75,PG,2022-03-28 03:34:03,62,-9.4431,147.1797,89.02,19.57
129,Sakakah,0,SA,2022-03-28 03:34:03,31,29.9697,40.2064,45.97,9.26
130,Santa Rosalia,56,MX,2022-03-28 03:34:03,36,27.3167,-112.2833,68.67,5.01
131,Mehamn,40,NO,2022-03-28 03:34:04,93,71.0357,27.8492,19.35,5.75
132,Ternate,100,ID,2022-03-28 03:34:04,68,0.8,127.4,84.6,6.78
133,Kodiak,100,US,2022-03-28 03:34:05,100,57.79,-152.4072,35.11,29.93
134,Yinchuan,50,CN,2022-03-28 03:34:05,34,38.4681,106.2731,56.77,6.62
135,Xiaolingwei,60,CN,2022-03-28 03:34:05,62,32.0333,118.85,58.98,11.56
136,Tessalit,69,ML,2022-03-28 03:34:06,8,20.1986,1.0114,78.87,10.51
137,Paracuru,95,BR,2022-03-28 03:34:06,88,-3.41,-39.0306,77.11,6.67
138,Port Lincoln,1,AU,2022-03-28 03:34:07,60,-34.7333,135.8667,71.91,10.36
139,Vaini,75,TO,2022-03-28 03:35:07,89,-21.2,-175.2,80.76,6.91
140,Obo,100,CF,2022-03-28 03:35:08,16,5.3998,26.4869,75.78,2.8
141,Lompoc,100,US,2022-03-28 03:32:48,69,34.6391,-120.4579,57.13,17.27
142,Churapcha,67,RU,2022-03-28 03:35:09,75,62.0025,132.4325,24.62,7.94
143,Carnarvon,0,AU,2022-03-28 03:35:09,37,-24.8667,113.6333,89.67,18.41
144,Vilyuysk,100,RU,2022-03-28 03:35:10,85,63.7553,121.6247,23.32,5.91
145,Paita,99,PE,2022-03-28 03:35:10,72,-5.0892,-81.1144,74.01,5.37
146,Port Elizabeth,0,ZA,2022-03-28 03:35:10,99,-33.918,25.5701,62.89,3.44
147,Suhbaatar,100,MN,2022-03-28 03:35:11,41,50.2314,106.2078,29.34,16.82
148,Seoul,0,KR,2022-03-28 03:31:12,19,37.5683,126.9778,54.79,2.3
149,Nakamura,100,JP,2022-03-28 03:35:11,51,32.9833,132.9333,62.96,3.53
150,Berlevag,100,NO,2022-03-28 03:35:12,66,70.8578,29.0864,19.4,14.14
151,Batagay-Alyta,79,RU,2022-03-28 03:35:12,67,67.8006,130.4114,11.37,3.4
152,Amravati,22,IN,2022-03-28 03:35:13,10,20.9333,77.75,94.44,5.32
153,Edgewater,0,US,2022-03-28 03:30:25,55,28.9889,-80.9023,65.08,7.92
154,Chuy,0,UY,2022-03-28 03:35:13,65,-33.6971,-53.4616,60.12,5.68
155,Caravelas,5,BR,2022-03-28 03:35:14,87,-17.7125,-39.2481,75.47,4.36
156,Uyemskiy,20,RU,2022-03-28 03:35:14,84,64.4743,40.8524,0.05,0.0
157,Tigil,100,RU,2022-03-28 03:35:15,70,57.8,158.6667,31.93,18.95
158,Half Moon Bay,100,US,2022-03-28 03:35:15,88,37.4636,-122.4286,57.11,21.85
159,Cukai,2,MY,2022-03-28 03:35:15,61,4.25,103.4167,89.55,5.39
160,Kamsack,72,CA,2022-03-28 03:35:16,84,51.5667,-101.9009,10.24,10.71
161,Fria,68,GN,2022-03-28 03:35:16,80,10.4167,-13.5833,73.22,1.45
162,Westport,100,US,2022-03-28 03:35:17,49,41.1415,-73.3579,33.84,14.0
163,Norman Wells,100,CA,2022-03-28 03:35:17,78,65.282,-126.8329,6.84,4.61
164,Yarada,20,IN,2022-03-28 03:35:17,70,17.65,83.2667,86.32,6.91
165,Rolla,0,US,2022-03-28 03:35:18,44,37.9514,-91.7713,39.34,1.01
166,Tilichiki,100,RU,2022-03-28 03:34:06,81,60.4667,166.1,14.31,13.29
167,Strezhevoy,75,RU,2022-03-28 03:35:19,92,60.7333,77.5889,14.92,8.88
168,Sao Joao Da Barra,8,BR,2022-03-28 03:35:19,91,-21.6403,-41.0511,76.82,4.03
169,Kavieng,38,PG,2022-03-28 03:35:19,70,-2.5744,150.7967,84.4,9.1
170,Tateyama,97,JP,2022-03-28 03:35:20,81,34.9833,139.8667,55.72,8.77
171,Bethel,100,US,2022-03-28 03:35:20,53,41.3712,-73.414,32.09,17.27
172,Kruisfontein,10,ZA,2022-03-28 03:35:21,55,-34.0033,24.7314,66.9,8.68
173,Talakan,40,RU,2022-03-28 03:35:21,72,50.3167,130.3667,34.93,7.25
174,Poum,35,NC,2022-03-28 03:35:22,74,-20.2333,164.0167,81.7,19.04
175,Marsabit,88,KE,2022-03-28 03:35:22,74,2.3284,37.9899,67.66,14.12
176,Knyaze-Volkonskoye,95,RU,2022-03-28 03:35:23,89,48.4642,135.4567,32.34,9.4
177,Ambon,20,ID,2022-03-28 03:35:23,62,-3.6954,128.1814,89.74,9.22
178,Marzuq,8,YE,2022-03-28 03:35:23,21,14.4,46.4667,66.29,3.51
179,Ilulissat,47,GL,2022-03-28 03:35:24,43,69.2167,-51.1,32.02,24.16
180,High Level,20,CA,2022-03-28 03:35:13,74,58.5169,-117.136,26.71,2.3
181,Byron Bay,100,AU,2022-03-28 03:35:24,95,-28.65,153.6167,71.49,10.31
182,Havre-Saint-Pierre,100,CA,2022-03-28 03:35:25,100,50.2334,-63.5986,30.56,10.36
183,Careiro Da Varzea,100,BR,2022-03-28 03:36:25,96,-3.2003,-59.8119,77.63,2.71
184,Puro,30,PH,2022-03-28 03:36:26,63,12.4841,123.3827,86.38,12.28
185,Souillac,40,MU,2022-03-28 03:36:26,78,-20.5167,57.5167,79.18,4.61
186,Caala,100,AO,2022-03-28 03:36:26,95,-12.8525,15.5606,60.67,2.51
187,Tomatlan,36,MX,2022-03-28 03:36:27,71,19.9333,-105.25,66.0,2.71
188,Codo,100,BR,2022-03-28 03:36:27,99,-4.4553,-43.8856,72.97,2.15
189,Luderitz,0,NA,2022-03-28 03:36:28,74,-26.6481,15.1594,62.06,2.46
190,Kochi,81,IN,2022-03-28 03:36:28,74,9.9399,76.2602,82.38,2.1
191,Chapais,100,CA,2022-03-28 03:36:28,93,49.7834,-74.8492,-2.42,10.04
192,Mahajanga,40,MG,2022-03-28 03:36:29,94,-15.7167,46.3167,77.02,2.3
193,Lensk,100,RU,2022-03-28 03:36:29,85,60.7253,114.9278,19.65,9.62
194,Olafsvik,100,IS,2022-03-28 03:36:30,77,64.8945,-23.7142,33.57,20.54
195,Winnemucca,0,US,2022-03-28 03:33:14,31,40.973,-117.7357,60.85,10.36
196,Bairiki,75,KI,2022-03-28 03:36:30,70,1.3292,172.9752,86.0,9.22
197,Kalmunai,5,LK,2022-03-28 03:36:31,70,7.4167,81.8167,84.58,5.12
198,Baiyin,100,CN,2022-03-28 03:36:31,29,36.5583,104.2081,54.18,5.12
199,Nishihara,100,JP,2022-03-28 03:36:31,73,26.1842,127.7558,65.86,14.97
200,Karratha,95,AU,2022-03-28 03:36:32,62,-20.7377,116.8463,83.98,11.5
201,Qaqortoq,37,GL,2022-03-28 03:36:32,73,60.7167,-46.0333,22.66,6.53
202,Santa Rosa,68,PH,2022-03-28 03:36:33,61,14.3122,121.1114,93.09,13.71
203,Jackson,0,US,2022-03-28 03:36:33,51,42.4165,-122.8345,66.07,3.44
204,Iracoubo,100,GF,2022-03-28 03:36:33,84,5.4802,-53.2011,77.38,11.61
205,Cavalcante,56,BR,2022-03-28 03:36:34,59,-13.7975,-47.4583,73.94,2.62
206,Huntsville,100,US,2022-03-28 03:33:16,57,34.7304,-86.5861,46.56,1.99
207,Palana,100,RU,2022-03-28 03:36:35,68,59.1167,159.9667,28.06,30.27
208,Moose Factory,100,CA,2022-03-28 03:36:35,78,51.2585,-80.6094,3.2,8.05
209,Cherskiy,78,RU,2022-03-28 03:36:35,84,68.75,161.3,9.03,7.25
210,Shira,5,RU,2022-03-28 03:36:36,41,54.4911,89.9531,23.52,3.98
211,Vao,11,NC,2022-03-28 03:36:36,67,-22.6667,167.4833,77.02,15.88
212,Iqaluit,100,CA,2022-03-28 03:36:37,92,63.7506,-68.5145,11.93,4.61
213,Girne,0,CY,2022-03-28 03:36:37,67,35.3417,33.3167,49.55,2.15
214,Ambagarh Chauki,10,IN,2022-03-28 03:36:38,8,20.7833,80.7167,96.8,1.7
215,Avera,34,US,2022-03-28 03:36:38,50,33.194,-82.5271,54.91,8.86
216,Saldanha,30,ZA,2022-03-28 03:36:38,80,-33.0117,17.9442,61.36,8.16
217,Teguldet,44,RU,2022-03-28 03:36:39,83,57.3064,88.1667,26.15,3.62
218,Hami,97,CN,2022-03-28 03:36:39,29,42.8,93.45,54.36,8.93
219,Galle,5,LK,2022-03-28 03:34:44,66,6.0367,80.217,85.1,6.17
220,Dudinka,94,RU,2022-03-28 03:36:40,95,69.4058,86.1778,2.01,8.77
221,Codrington,10,AU,2022-03-28 03:36:40,61,-38.2667,141.9667,67.96,10.94
222,Niamey,4,NE,2022-03-28 03:36:41,8,13.5137,2.1098,86.29,11.5
223,Magadan,100,RU,2022-03-28 03:36:41,60,59.5667,150.8,24.53,11.01
224,Lianzhou,100,CN,2022-03-28 03:36:42,70,24.7811,112.3825,64.71,4.0
225,Shahr-E Babak,0,IR,2022-03-28 03:36:42,9,30.1165,55.1186,52.79,2.77
226,Lodja,100,CD,2022-03-28 03:36:43,100,-3.4833,23.4333,69.31,2.59
227,Geraldton,48,AU,2022-03-28 03:37:43,51,-28.7667,114.6,90.01,17.27
228,Nova Olinda Do Norte,100,BR,2022-03-28 03:37:44,98,-3.8881,-59.0942,74.1,0.76
229,Vestmannaeyjar,100,IS,2022-03-28 03:37:44,82,63.4427,-20.2734,40.71,33.11
230,Nanakuli,100,US,2022-03-28 03:37:45,69,21.3906,-158.1547,78.75,3.44
231,Freetown,18,SL,2022-03-28 03:37:45,82,8.484,-13.2299,74.82,6.93
232,Cody,0,US,2022-03-28 03:37:45,28,44.5263,-109.0565,57.4,4.61
233,Naron,100,ES,2022-03-28 03:37:46,76,43.5167,-8.1528,54.68,2.48
234,Kaitangata,3,NZ,2022-03-28 03:37:46,69,-46.2817,169.8464,65.82,4.94
235,Saint-Joseph,38,RE,2022-03-28 03:37:47,80,-21.3667,55.6167,77.38,5.39
236,Sulphur,0,US,2022-03-28 03:35:06,94,30.2366,-93.3774,65.01,8.05
237,Sakyla,100,FI,2022-03-28 03:37:47,86,61.0333,22.3333,38.37,16.33
238,Beyneu,58,KZ,2022-03-28 03:37:48,77,45.3167,55.2,41.58,7.99
239,Gat,0,IL,2022-03-28 03:35:04,83,31.61,34.7642,50.4,6.26
240,Flinders,98,AU,2022-03-28 03:37:48,85,-34.5833,150.8552,73.06,9.82
241,Calama,0,CL,2022-03-28 03:37:49,24,-22.4667,-68.9333,54.84,2.55
242,East London,0,ZA,2022-03-28 03:37:49,88,-33.0153,27.9116,67.14,12.66
243,Coquimbo,1,CL,2022-03-28 03:37:50,78,-29.9533,-71.3436,63.37,1.36
244,Kaeo,3,NZ,2022-03-28 03:37:50,65,-35.1,173.7833,75.33,5.37
245,Bowen,0,AU,2022-03-28 03:37:50,66,-20.0167,148.2333,83.12,14.41
246,Haukipudas,100,FI,2022-03-28 03:37:51,90,65.1765,25.3523,21.25,15.05
247,Craig,0,US,2022-03-28 03:36:20,40,40.5153,-107.5464,55.02,6.91
248,Victoria,100,HK,2022-03-28 03:35:56,91,22.2855,114.1577,66.94,4.0
249,Ust-Karsk,94,RU,2022-03-28 03:37:52,36,52.7011,118.8077,29.98,13.96
250,Skibbereen,1,IE,2022-03-28 03:37:07,94,51.55,-9.2667,42.12,9.06
251,Tiksi,100,RU,2022-03-28 03:37:52,86,71.6872,128.8694,2.77,3.56
252,Bilma,0,NE,2022-03-28 03:37:53,12,18.6853,12.9164,65.19,6.44
253,Pevek,21,RU,2022-03-28 03:37:53,92,69.7008,170.3133,-6.07,6.6
254,Saint George,0,US,2022-03-28 03:36:12,11,37.1041,-113.5841,73.99,13.8
255,Namibe,89,AO,2022-03-28 03:37:54,71,-15.1961,12.1522,70.36,10.09
256,Weinan,3,CN,2022-03-28 03:37:54,47,34.5036,109.5089,60.44,9.53
257,San Patricio,51,US,2022-03-28 03:37:55,81,28.017,-97.5169,69.89,14.5
258,Aksu,53,CN,2022-03-28 03:37:55,24,41.1231,80.2644,54.52,3.83
259,Narsaq,17,GL,2022-03-28 03:37:55,69,60.9167,-46.05,41.22,7.23
260,Bantry,2,IE,2022-03-28 03:37:56,91,51.6833,-9.45,41.79,6.91
261,Alta Floresta,100,BR,2022-03-28 03:37:56,98,-9.8756,-56.0861,71.44,1.48
262,Grindavik,100,IS,2022-03-28 03:37:57,87,63.8424,-22.4338,41.47,16.11
263,Carutapera,100,BR,2022-03-28 03:37:57,89,-1.195,-46.02,77.07,5.41
264,Lalibela,5,ET,2022-03-28 03:37:57,60,12.0333,39.0333,57.4,6.2
265,Hamilton,0,US,2022-03-28 03:33:50,63,39.1834,-84.5333,30.94,11.5
266,Pisco,0,PE,2022-03-28 03:37:58,77,-13.7,-76.2167,68.05,8.05
267,Te Anau,1,NZ,2022-03-28 03:37:58,39,-45.4167,167.7167,75.04,3.02
268,Pekan,15,MY,2022-03-28 03:37:59,66,3.4836,103.3996,86.11,7.23
269,Aklavik,100,CA,2022-03-28 03:37:59,99,68.2191,-135.0107,-7.29,4.05
270,Gravdal,75,NO,2022-03-28 03:38:00,80,68.1214,13.5031,28.29,19.57
271,Celestun,0,MX,2022-03-28 03:38:00,61,20.8667,-90.4,74.34,18.97
272,Walvis Bay,30,NA,2022-03-28 03:38:00,90,-22.9575,14.5053,62.1,5.19
273,Seymchan,77,RU,2022-03-28 03:39:01,76,62.8833,152.4333,11.55,5.08
274,Prince Rupert,0,CA,2022-03-28 03:35:05,71,54.3161,-130.3201,47.89,17.27
275,Cabo San Lucas,20,MX,2022-03-28 03:39:01,33,22.8909,-109.9124,77.31,11.5
276,Lang Son,58,VN,2022-03-28 03:39:02,58,21.8333,106.7333,69.91,6.31
277,Dalen,3,NL,2022-03-28 03:39:02,95,52.6992,6.7556,41.07,5.01
278,Fort Nelson,75,CA,2022-03-28 03:39:03,69,58.8053,-122.7002,27.99,2.3
279,Shihezi,59,CN,2022-03-28 03:39:03,48,44.3,86.0333,49.6,5.53
280,General Roca,0,AR,2022-03-28 03:39:04,29,-39.0333,-67.5833,63.25,5.41
281,Loncoche,0,CL,2022-03-28 03:39:04,95,-39.3667,-72.6333,42.75,0.78
282,Villazon,2,BO,2022-03-28 03:39:05,63,-22.0866,-65.5942,50.16,5.95
283,Alofi,98,NU,2022-03-28 03:39:05,79,-19.0595,-169.9187,84.09,8.05
284,Tigzirt,44,DZ,2022-03-28 03:39:05,81,36.8886,4.1198,54.18,3.74
285,Matara,4,LK,2022-03-28 03:39:06,66,5.9485,80.5353,85.77,7.63
286,Goulburn,100,AU,2022-03-28 03:39:06,76,-34.75,149.7167,66.76,6.62
287,Isla Vista,100,US,2022-03-28 03:39:07,76,34.4133,-119.861,57.83,13.8
288,Guerrero Negro,65,MX,2022-03-28 03:35:15,83,27.9769,-114.0611,60.55,9.13
289,Mahibadhoo,99,MV,2022-03-28 03:39:07,72,3.7833,72.9667,81.77,5.79
290,Cockburn Town,59,TC,2022-03-28 03:35:27,68,21.4612,-71.1419,76.21,18.37
291,Provideniya,0,RU,2022-03-28 03:39:08,73,64.3833,-173.3,21.36,4.0
292,Dingle,21,PH,2022-03-28 03:39:09,56,10.9995,122.6711,88.92,14.2
293,Mana,100,GF,2022-03-28 03:39:09,87,5.6592,-53.7767,76.75,10.13
294,Labuan,20,MY,2022-03-28 03:39:10,79,5.2767,115.2417,84.56,0.0
295,Andenes,40,NO,2022-03-28 03:39:10,58,69.3143,16.1194,24.78,28.77
296,Vysokogornyy,92,RU,2022-03-28 03:39:10,79,50.1167,139.15,22.42,14.61
297,Meulaboh,92,ID,2022-03-28 03:39:11,65,4.1363,96.1285,84.42,2.13
298,Nome,0,US,2022-03-28 03:39:11,69,64.5011,-165.4064,30.27,4.61
299,Nizhniy Kuranakh,100,RU,2022-03-28 03:39:12,86,58.8353,125.4869,27.75,5.55
300,Sur,0,OM,2022-03-28 03:39:12,35,22.5667,59.5289,84.63,1.97
301,Genhe,8,CN,2022-03-28 03:39:13,45,50.7833,121.5167,34.43,11.5
302,Sao Filipe,100,CV,2022-03-28 03:39:13,75,14.8961,-24.4956,70.16,6.38
303,Boyolangu,72,ID,2022-03-28 03:39:14,64,-8.1181,111.8935,87.13,1.97
304,Waitati,3,NZ,2022-03-28 03:39:14,86,-45.75,170.5667,59.81,10.27
305,Jiuquan,75,CN,2022-03-28 03:39:14,22,39.7432,98.5174,51.48,14.63
306,Iquique,26,CL,2022-03-28 03:39:15,76,-20.2208,-70.1431,66.87,2.46
307,Channel-Port Aux Basques,100,CA,2022-03-28 03:39:15,98,47.5702,-59.1367,34.72,6.24
308,Neiafu,75,TO,2022-03-28 03:39:16,89,-18.65,-173.9833,79.48,9.22
309,Ambanja,99,MG,2022-03-28 03:39:16,91,-13.6833,48.45,76.93,2.8
310,Port Hedland,96,AU,2022-03-28 03:39:16,55,-20.3167,118.5667,89.65,2.3
311,Sechelt,100,CA,2022-03-28 03:39:17,90,49.4664,-123.7694,51.51,3.8
312,Dawlatabad,0,AF,2022-03-28 03:39:17,41,36.4141,64.9053,54.57,2.55
313,San Carlos De Bariloche,40,AR,2022-03-28 03:39:18,57,-41.1456,-71.3082,47.95,12.66
314,Lahaina,12,US,2022-03-28 03:39:18,77,20.8783,-156.6825,80.6,4.92
315,Sisimiut,100,GL,2022-03-28 03:39:18,65,66.9395,-53.6735,23.0,11.34
316,Cabra,100,ES,2022-03-28 03:40:19,75,37.4725,-4.4421,53.65,4.03
317,Kosikha,100,RU,2022-03-28 03:40:19,100,53.3617,84.5822,33.13,6.96
318,Jumla,2,NP,2022-03-28 03:40:20,26,29.2747,82.1838,64.74,4.94
319,Lagoa,96,PT,2022-03-28 03:40:20,84,39.05,-27.9833,58.35,9.4
320,Gazli,57,UZ,2022-03-28 03:40:21,48,40.1333,63.45,50.83,8.68
321,Pskov,75,RU,2022-03-28 03:40:21,86,57.8136,28.3496,30.11,11.18
322,Kochevo,100,RU,2022-03-28 03:40:22,89,59.5994,54.3125,18.46,8.43
323,Verbilki,94,RU,2022-03-28 03:40:22,88,56.5333,37.6,19.26,8.16
324,Warrington,75,GB,2022-03-28 03:40:22,83,53.3925,-2.5802,52.79,4.61
325,Vanimo,100,PG,2022-03-28 03:40:23,83,-2.6741,141.3028,82.18,9.91
326,Kahului,75,US,2022-03-28 03:40:23,54,20.8947,-156.47,80.62,21.85
327,Brasilia De Minas,52,BR,2022-03-28 03:40:24,61,-16.2064,-44.4333,71.67,4.94
328,Goundam,79,ML,2022-03-28 03:40:24,11,16.4145,-3.6708,80.44,9.46
329,Adrar,6,MR,2022-03-28 03:40:25,15,20.5022,-10.0711,73.27,9.84
330,Kushmurun,99,KZ,2022-03-28 03:40:25,94,52.4503,64.6311,21.88,17.29
331,Sitka,20,US,2022-03-28 03:40:25,65,57.0531,-135.33,44.49,5.75
332,Borovoy,0,RU,2022-03-28 03:40:26,36,55.4333,86.0833,24.69,4.47
333,Hecun,25,CN,2022-03-28 03:40:26,30,36.5333,114.1111,60.48,14.12
334,Ust-Kut,100,RU,2022-03-28 03:40:27,80,56.7938,105.7672,19.92,9.6
335,Morozovsk,67,RU,2022-03-28 03:40:27,87,48.3539,41.8261,23.61,17.81
336,Alyangula,40,AU,2022-03-28 03:40:27,46,-13.8483,136.4192,93.07,6.91
337,Segovia,100,ES,2022-03-28 03:40:28,72,41.1667,-4.0,43.43,7.87
338,Sile,9,TR,2022-03-28 03:40:28,60,41.1754,29.6133,43.57,2.35
339,Jasper,0,US,2022-03-28 03:40:29,43,37.2001,-94.3502,48.54,9.22
340,Sept-Iles,75,CA,2022-03-28 03:36:06,95,50.2001,-66.3821,30.63,5.75
341,La Ronge,75,CA,2022-03-28 03:40:29,58,55.1001,-105.2842,19.65,9.22
342,Hofn,100,IS,2022-03-28 03:40:30,82,64.2539,-15.2082,32.05,6.62
343,Thinadhoo,7,MV,2022-03-28 03:40:30,64,0.5333,72.9333,81.63,5.48
344,Aykhal,99,RU,2022-03-28 03:40:30,88,66.0,111.5,10.8,8.46
345,Zruc Nad Sazavou,0,CZ,2022-03-28 03:40:31,86,49.7401,15.1061,49.1,3.0
346,Gallipoli,27,TR,2022-03-28 03:40:31,69,40.4103,26.6708,39.06,2.84
347,Port-Gentil,99,GA,2022-03-28 03:40:32,82,-0.7193,8.7815,81.43,10.87
348,Borgo San Lorenzo,73,IT,2022-03-28 03:40:32,51,43.9553,11.3835,50.99,6.49
349,Saint-Francois,9,FR,2022-03-28 03:40:32,93,46.4154,3.9054,35.04,2.3
350,Navirai,0,BR,2022-03-28 03:40:33,66,-23.065,-54.1906,65.77,2.33
351,Bengkulu,29,ID,2022-03-28 03:40:33,62,-3.8004,102.2655,84.6,7.52
352,Tahta,0,EG,2022-03-28 03:40:34,44,26.7693,31.5021,53.76,11.59
353,Cayenne,75,GF,2022-03-28 03:40:34,1,4.9333,-52.3333,80.1,8.05
354,Shache,5,CN,2022-03-28 03:40:35,18,38.4167,77.2406,59.16,8.25
355,Zhuhai,75,CN,2022-03-28 03:40:35,88,22.2769,113.5678,62.38,13.8
356,Lafiagi,57,NG,2022-03-28 03:40:36,35,8.8667,5.4167,77.36,1.34
357,Jacqueville,94,CI,2022-03-28 03:40:36,88,5.2052,-4.4146,80.53,5.08
358,Tuatapere,15,NZ,2022-03-28 03:40:36,75,-46.1333,167.6833,64.24,7.4
359,Bonfim,100,BR,2022-03-28 03:40:37,76,3.0833,-59.95,78.37,6.96
360,Pitiquito,99,MX,2022-03-28 03:40:37,13,30.7,-112.0833,73.27,5.19
361,Ilave,71,PE,2022-03-28 03:40:38,91,-16.0833,-69.6667,42.85,5.79
362,Isiro,100,CD,2022-03-28 03:40:38,86,2.7739,27.616,65.64,2.84
363,Shakawe,9,BW,2022-03-28 03:41:38,78,-18.3667,21.85,65.8,5.08
364,Vigrestad,17,NO,2022-03-28 03:41:39,93,58.5667,5.7,41.95,14.99
365,Kismayo,24,SO,2022-03-28 03:41:39,74,-0.3582,42.5454,81.81,10.2
366,Sao Felix Do Xingu,100,BR,2022-03-28 03:41:40,99,-6.6447,-51.995,72.16,0.85
367,Caucaia,75,BR,2022-03-28 03:41:40,85,-3.7361,-38.6531,78.75,4.61
368,Darnah,100,LY,2022-03-28 03:41:40,51,32.767,22.6367,57.65,12.86
369,Oranjemund,0,NA,2022-03-28 03:41:41,67,-28.55,16.4333,61.72,0.67
370,Rocha,0,UY,2022-03-28 03:41:41,61,-34.4833,-54.3333,60.22,5.14
371,Skerries,0,IE,2022-03-28 03:39:13,81,53.5828,-6.1083,46.13,2.86
372,Talnakh,98,RU,2022-03-28 03:41:42,93,69.4865,88.3972,7.81,5.73
373,Mantua,1,IT,2022-03-28 03:41:27,59,45.1667,10.7833,43.84,3.33
374,San Juan,13,AR,2022-03-28 03:41:43,23,-31.5375,-68.5364,71.42,5.86
375,Kralendijk,40,BQ,2022-03-28 03:41:43,83,12.15,-68.2667,78.78,16.11
376,Kautokeino,100,NO,2022-03-28 03:41:43,93,69.0125,23.0412,9.61,8.86
377,Estevan,75,CA,2022-03-28 03:41:44,59,49.1334,-102.9842,30.54,15.32
378,Rosarito,63,MX,2022-03-28 03:41:44,78,32.3333,-117.0333,59.09,4.23
379,Kormilovka,98,RU,2022-03-28 03:41:45,95,55.0026,74.1028,16.11,4.65
380,Taltal,0,CL,2022-03-28 03:41:45,77,-25.4,-70.4833,65.48,3.44
381,Pato Branco,0,BR,2022-03-28 03:41:45,93,-26.2286,-52.6706,55.31,4.63
382,Mbala,100,ZM,2022-03-28 03:41:46,93,-8.8402,31.3659,58.23,5.41
383,Zharkent,81,KZ,2022-03-28 03:41:46,66,44.1628,80.0,44.87,7.61
384,Broome,75,US,2022-03-28 03:41:47,66,42.2506,-75.833,20.86,14.97
385,Neuquen,0,AR,2022-03-28 03:38:30,76,-38.9516,-68.0591,55.29,4.61
386,San Policarpo,51,PH,2022-03-28 03:41:47,84,12.1791,125.5072,81.64,12.5
387,Torzhok,100,RU,2022-03-28 03:41:48,74,57.0436,34.9622,21.38,10.07
388,Halifax,18,CA,2022-03-28 03:39:03,89,44.6453,-63.5724,39.2,13.8
389,Henties Bay,35,NA,2022-03-28 03:41:48,89,-22.116,14.2845,63.75,5.03
390,Cochrane,0,CA,2022-03-28 03:41:41,53,51.1834,-114.4687,45.64,8.05
391,Okha,67,RU,2022-03-28 03:41:49,75,53.5739,142.9478,19.94,20.42
392,La Palma,100,US,2022-03-28 03:41:49,72,33.8464,-118.0467,60.91,8.05
393,Panalingaan,65,PH,2022-03-28 03:41:50,79,8.7842,117.4231,81.28,0.76
394,Choya,100,RU,2022-03-28 03:41:50,88,52.0108,86.5467,38.8,0.54
395,Mineral Del Monte,0,MX,2022-03-28 03:41:51,40,20.1333,-98.6667,46.58,4.74
396,Panguna,71,PG,2022-03-28 03:41:51,89,-6.3164,155.4848,75.02,2.35
397,Uchiza,100,PE,2022-03-28 03:41:51,98,-8.4592,-76.4633,70.54,1.68
398,Usakos,11,NA,2022-03-28 03:41:52,71,-22.0,15.6,68.74,1.39
399,Challapata,8,BO,2022-03-28 03:41:52,69,-18.9,-66.7667,48.34,7.29
400,Jimani,100,DO,2022-03-28 03:41:53,86,18.4917,-71.8502,76.89,2.19
401,Skelleftea,100,SE,2022-03-28 03:39:54,70,64.7507,20.9528,25.16,8.05
402,Mogadishu,28,SO,2022-03-28 03:41:53,70,2.0371,45.3438,80.64,14.45
403,Gberia Fotombu,57,SL,2022-03-28 03:41:54,85,9.8833,-11.1667,71.96,4.83
404,Palpa,17,PE,2022-03-28 03:41:54,68,-14.5336,-75.1856,73.2,1.88
405,Kankan,88,GN,2022-03-28 03:41:54,63,10.3854,-9.3057,79.92,3.69
406,Shimoda,98,JP,2022-03-28 03:41:55,73,34.6667,138.95,62.96,9.24
407,Balakovo,97,RU,2022-03-28 03:41:55,85,52.0278,47.8007,24.91,14.0
408,Manacapuru,100,BR,2022-03-28 03:41:56,94,-3.2997,-60.6206,75.49,2.15
409,Doha,0,QA,2022-03-28 03:38:19,39,25.2867,51.5333,67.98,17.27
410,Canandaigua,96,US,2022-03-28 03:39:41,72,42.8742,-77.288,21.16,11.99
411,Phuthaditjhaba,24,ZA,2022-03-28 03:42:56,83,-28.5242,28.8158,50.27,2.13
412,Santa Cruz De La Palma,40,ES,2022-03-28 03:42:57,77,28.6835,-17.7642,64.54,12.66
413,Makakilo City,100,US,2022-03-28 03:42:57,70,21.3469,-158.0858,77.32,3.44
414,Quelimane,20,MZ,2022-03-28 03:42:58,89,-17.8786,36.8883,78.75,6.91
415,Pangnirtung,74,CA,2022-03-28 03:42:58,58,66.1451,-65.7125,13.19,6.46
416,Grand Gaube,3,MU,2022-03-28 03:42:58,82,-20.0064,57.6608,79.2,3.0
417,Petaluma,100,US,2022-03-28 03:41:03,92,38.2324,-122.6367,56.08,14.97
418,Ostrow Mazowiecka,5,PL,2022-03-28 03:42:59,68,52.8024,21.8951,38.62,13.33
419,Tsimlyansk,76,RU,2022-03-28 03:42:59,68,47.6461,42.1019,29.37,18.84
420,Trincomalee,1,LK,2022-03-28 03:43:00,76,8.5711,81.2335,82.47,5.08
421,Daru,100,PG,2022-03-28 03:43:00,90,-9.0763,143.2092,77.99,4.99
422,Pierre,0,US,2022-03-28 03:43:01,32,44.3683,-100.351,36.52,27.0
423,Nikki,4,BJ,2022-03-28 03:43:01,16,9.9401,3.2108,75.72,4.7
424,Cortez,0,US,2022-03-28 03:42:23,23,37.3489,-108.5859,50.7,3.44
425,Nabire,58,ID,2022-03-28 03:43:02,56,-3.3667,135.4833,87.51,5.79
426,Banikoara,1,BJ,2022-03-28 03:43:02,14,11.2985,2.4386,78.46,7.02
427,Nicoya,97,CR,2022-03-28 03:41:48,63,10.1483,-85.452,77.22,8.95
428,Cidreira,0,BR,2022-03-28 03:40:52,83,-30.1811,-50.2056,67.26,9.28
429,La Rioja,98,ES,2022-03-28 03:42:46,61,42.25,-2.5,37.18,6.8
430,Dunedin,0,NZ,2022-03-28 03:43:03,86,-45.8742,170.5036,59.81,11.99
431,Esperance,78,AU,2022-03-28 03:41:04,60,-33.8667,121.9,69.64,11.63
432,Norwich,41,GB,2022-03-28 03:43:04,94,52.6278,1.2983,43.36,2.3
433,Beidao,73,CN,2022-03-28 03:43:04,48,34.5686,105.8933,60.57,18.16
434,Mandera,27,KE,2022-03-28 03:43:05,57,3.9366,41.867,80.87,6.17
435,Rundu,11,NA,2022-03-28 03:43:05,61,-17.9333,19.7667,64.33,4.03
436,Zavyalovo,53,RU,2022-03-28 03:43:05,87,54.5053,82.4484,18.3,2.84
437,Kasane,40,BW,2022-03-28 03:43:06,100,-17.8167,25.15,66.29,5.75
438,Tahe,7,CN,2022-03-28 03:43:06,33,52.3333,124.7333,40.23,12.17
439,Sarnen,0,CH,2022-03-28 03:43:07,66,46.8985,8.2507,47.12,3.44
440,Elizabeth City,0,US,2022-03-28 03:43:07,44,36.2946,-76.2511,46.02,12.66
441,Minas De Barroteran,100,MX,2022-03-28 03:43:08,25,27.6333,-101.2833,71.6,6.29
442,Beloha,100,MG,2022-03-28 03:43:08,84,-25.1667,45.05,72.55,11.88
443,Indian Head,0,US,2022-03-28 03:43:08,43,38.6001,-77.1622,34.86,16.11
444,Rio Claro,100,BR,2022-03-28 03:43:09,91,-22.4114,-47.5614,67.66,2.37
445,Balikpapan,20,ID,2022-03-28 03:38:54,78,-1.2675,116.8289,81.59,3.44
446,Somerset,75,US,2022-03-28 03:43:09,50,40.5668,-74.5496,33.12,16.11
447,Yulara,94,AU,2022-03-28 03:43:10,9,-25.2406,130.9889,91.24,5.75
448,Bathsheba,20,BB,2022-03-28 03:43:10,73,13.2167,-59.5167,77.61,16.11
449,Pilar,91,BR,2022-03-28 03:43:11,91,-9.5972,-35.9567,75.13,2.8
450,Vostok,100,RU,2022-03-28 03:43:11,87,46.4856,135.8833,28.36,11.72
451,Kawasaki,40,JP,2022-03-28 03:43:12,38,35.5206,139.7172,64.02,11.5
452,Oslomej,79,MK,2022-03-28 03:43:12,55,41.5772,21.0,44.29,2.21
453,Lasem,85,ID,2022-03-28 03:43:12,69,-6.6922,111.4527,86.54,3.18
454,Marrakesh,31,MA,2022-03-28 03:43:13,51,31.6315,-8.0083,62.67,5.75
455,Cotonou,40,BJ,2022-03-28 03:41:37,84,6.3654,2.4183,84.18,9.22
456,Quatre Cocos,10,MU,2022-03-28 03:43:13,66,-20.2078,57.7625,78.91,6.93
457,Sayyan,22,YE,2022-03-28 03:43:14,31,15.1718,44.3244,49.66,7.31
458,Jalu,1,LY,2022-03-28 03:44:14,16,29.0331,21.5482,56.91,10.25
459,Buraydah,0,SA,2022-03-28 03:44:15,25,26.326,43.975,54.05,7.81
460,Kuusamo,0,FI,2022-03-28 03:44:15,66,65.9667,29.1833,8.64,6.91
461,Noumea,65,NC,2022-03-28 03:44:16,99,-22.2763,166.4572,84.18,16.33
462,Kendari,95,ID,2022-03-28 03:44:16,62,-3.945,122.4989,86.0,4.54
463,Sorland,100,NO,2022-03-28 03:44:17,66,67.667,12.6934,33.01,38.3
464,Akyab,7,MM,2022-03-28 03:44:17,69,20.15,92.9,83.88,6.53
465,Naryan-Mar,100,RU,2022-03-28 03:44:17,95,67.6713,53.087,9.81,10.09
466,Laguna,0,US,2022-03-28 03:44:18,63,38.421,-121.4238,62.4,9.22
467,Severomuysk,100,RU,2022-03-28 03:44:22,69,56.1481,113.4267,4.08,8.66
468,Chernyy Yar,100,RU,2022-03-28 03:44:23,67,48.0624,46.1091,29.97,18.72
469,Tucumcari,0,US,2022-03-28 03:44:23,27,35.1717,-103.725,64.24,8.05
470,Rio Gallegos,0,AR,2022-03-28 03:44:24,70,-51.6226,-69.2181,42.85,4.61
471,Zhezkazgan,100,KZ,2022-03-28 03:44:24,86,47.8043,67.7144,28.38,11.18
472,Sampit,85,ID,2022-03-28 03:44:24,50,-2.5333,112.95,93.29,1.66
473,Port Macquarie,100,AU,2022-03-28 03:43:19,78,-31.4333,152.9167,75.09,9.22
474,Puerto Rondon,62,CO,2022-03-28 03:44:25,64,6.2805,-71.1,78.31,3.8
475,Nantucket,100,US,2022-03-28 03:44:25,56,41.2835,-70.0995,42.91,14.97
476,Kawalu,100,ID,2022-03-28 03:44:26,60,-7.3817,108.2082,86.38,3.02
477,Acajutla,65,SV,2022-03-28 03:44:26,63,13.5928,-89.8275,79.7,7.63
478,Honningsvag,100,NO,2022-03-28 03:44:27,93,70.9821,25.9704,22.75,6.91
479,Harper,28,LR,2022-03-28 03:44:27,89,4.375,-7.7169,79.65,6.82
480,Vardo,100,NO,2022-03-28 03:44:27,59,70.3705,31.1107,26.91,20.24
481,Qarchi Gak,0,AF,2022-03-28 03:44:28,36,37.04,66.7889,58.37,1.1
482,Shagonar,100,RU,2022-03-28 03:44:28,90,51.5333,92.8,26.46,0.4
483,Mahina,20,PF,2022-03-28 03:44:29,58,-17.5065,-149.489,85.77,12.66
484,Faanui,35,PF,2022-03-28 03:44:29,72,-16.4833,-151.75,82.56,14.43
485,Banda Aceh,74,ID,2022-03-28 03:44:29,67,5.5577,95.3222,85.12,4.85
486,Ornskoldsvik,100,SE,2022-03-28 03:44:30,70,63.2909,18.7153,38.35,16.11
487,Maningrida,90,AU,2022-03-28 03:44:30,56,-12.0667,134.2667,89.17,4.52
488,Rovaniemi,100,FI,2022-03-28 03:44:31,67,66.5,25.7167,17.01,11.5
489,Anton Lizardo,50,MX,2022-03-28 03:44:31,82,19.05,-95.9833,71.22,6.24
490,Wewak,100,PG,2022-03-28 03:44:32,79,-3.5534,143.6268,83.52,10.78
491,Andros Town,0,BS,2022-03-28 03:44:32,50,24.7,-77.7667,71.56,14.14
492,Sortova,75,PA,2022-03-28 03:44:32,74,8.55,-82.65,76.5,3.71
493,San Quintin,100,MX,2022-03-28 03:44:33,82,30.4833,-115.95,58.78,2.59
494,Cuamba,99,MZ,2022-03-28 03:44:33,98,-14.8031,36.5372,68.18,2.89
495,Port Hawkesbury,0,CA,2022-03-28 03:44:34,93,45.6169,-61.3485,37.35,6.91
496,Palmer,40,US,2022-03-28 03:44:34,51,42.1584,-72.3287,28.24,21.85
497,Esqueda,41,MX,2022-03-28 03:44:35,14,30.7167,-109.5833,61.02,8.03
498,Yaremche,12,UA,2022-03-28 03:44:35,58,48.4583,24.5519,32.61,5.7
499,Matanzas,0,CU,2022-03-28 03:44:35,77,23.0411,-81.5775,65.16,6.91
500,Staryy Nadym,100,RU,2022-03-28 03:44:36,89,65.6118,72.6842,16.63,19.77
501,Charlestown,100,AU,2022-03-28 03:44:36,86,-32.95,151.6667,74.98,1.01
502,Bilasipara,5,IN,2022-03-28 03:45:37,31,26.232,90.2347,86.07,9.42
503,Santa Maria,0,BR,2022-03-28 03:44:43,94,-29.6842,-53.8069,60.1,1.14
504,Nemuro,86,JP,2022-03-28 03:45:37,75,43.3236,145.575,35.85,11.23
505,Brae,33,GB,2022-03-28 03:45:38,85,60.3964,-1.353,45.1,15.99
506,Katsuura,100,JP,2022-03-28 03:45:38,82,35.1333,140.3,54.37,15.75
507,Kamiiso,75,JP,2022-03-28 03:45:39,43,41.8167,140.65,50.38,25.32
508,Horasan,71,TR,2022-03-28 03:45:39,94,40.0458,42.1728,4.98,0.36
509,Nadym,100,RU,2022-03-28 03:45:40,89,65.5333,72.5167,16.48,19.86
510,Curuca,97,BR,2022-03-28 03:45:40,94,-0.7289,-47.8481,74.97,2.75
511,Saint Anthony,0,US,2022-03-28 03:45:40,41,45.0205,-93.218,25.93,9.22
512,Adre,21,TD,2022-03-28 03:45:41,9,13.4667,22.2,64.6,20.54
513,Tevriz,96,RU,2022-03-28 03:45:42,89,57.509,72.4042,16.84,7.85
514,Birnin Kebbi,3,NG,2022-03-28 03:45:42,10,12.4539,4.1975,77.36,15.77
515,Mapiri,95,BO,2022-03-28 03:45:42,98,-15.25,-68.1667,67.78,0.34
